{"train_loss":0.42224019898308646,"validation_loss":0.39269722004731494,"epoch":50,"_timestamp":1.7296926767782676e+09,"_runtime":3.743922281,"_wandb":{"runtime":14},"_step":49}