{"_step":19,"_wandb":{"runtime":348},"train_loss":0.5143754853142632,"validation_loss":0.4096201943854491,"epoch":10,"_timestamp":1.7296064371663964e+09,"_runtime":51.371059357}