{"train_loss":0.4160197426875432,"validation_loss":0.46253393093744916,"epoch":30,"_wandb":{"runtime":2},"_timestamp":1.7296114947602484e+09,"_runtime":2.527236378,"_step":29}