{"epoch":50,"_timestamp":1.7296927328238382e+09,"_runtime":33.670204547,"_step":49,"_wandb":{"runtime":273},"train_loss":0.4004413594802221,"validation_loss":0.4350146818906069}