{"_step":49,"train_loss":0.40220542848110197,"validation_loss":0.44486267616351444,"epoch":50,"_timestamp":1.7296916815867662e+09,"_runtime":5.912459894,"_wandb":{"runtime":16}}