{"train_loss":0.3899141076538298,"validation_loss":0.46907089091837406,"epoch":50,"_timestamp":1.729692394229524e+09,"_runtime":34.086647541,"_step":49,"_wandb":{"runtime":41}}