{"_wandb":{"runtime":80},"epoch":50,"_timestamp":1.7296933812943678e+09,"_runtime":33.664549034,"_step":49,"train_loss":0.171279803953237,"validation_loss":0.24986755289137363}