{"_step":9,"train_loss":0.4418434550364812,"validation_loss":0.43924521158138913,"epoch":10,"_timestamp":1.7296067515364726e+09,"_runtime":1.084910884,"_wandb":{"runtime":4739}}